acc.png	ACC	https://static.wikia.nocookie.net/euro-truck-simulator-2/images/6/62/ACC_logo.png/revision/latest?cb=20181111064509
aci-srl.png	ACI SRL	https://static.wikia.nocookie.net/euro-truck-simulator-2/images/d/de/ACI_SRL_logo.png/revision/latest?cb=20181111064647
ai-automotive.png	AI Automotive	https://static.wikia.nocookie.net/euro-truck-simulator-2/images/2/21/AI_Automotive_logo.png/revision/latest?cb=20220813082432
app.png	APP	https://static.wikia.nocookie.net/euro-truck-simulator-2/images/4/40/APP_logo.png/revision/latest?cb=20210405050254
aerobaltica.png	Aerobaltica	https://static.wikia.nocookie.net/euro-truck-simulator-2/images/b/b9/Aerobaltica_logo.png/revision/latest?cb=20181201151305
agregados.png	Agregados	https://static.wikia.nocookie.net/euro-truck-simulator-2/images/9/91/Agregados_logo.png/revision/latest?cb=20210404193327
agrominta-uab.png	Agrominta UAB	https://static.wikia.nocookie.net/euro-truck-simulator-2/images/0/02/Agrominta_UAB_logo.png/revision/latest?cb=20181201151540
agronord.png	Agronord	https://static.wikia.nocookie.net/euro-truck-simulator-2/images/d/db/Agronord_logo.png/revision/latest?cb=20151213162630
all-russian-glass-company.png	All-Russian Glass Company	https://static.wikia.nocookie.net/euro-truck-simulator-2/images/c/c3/All-Russian_Glass_Company_logo.png/revision/latest?cb=20220819133300
ateria-as.png	Ateria AS	https://static.wikia.nocookie.net/euro-truck-simulator-2/images/6/66/Ateria_AS_logo.png/revision/latest?cb=20181201151902
auto-di-alonso.png	Auto di Alonso	https://static.wikia.nocookie.net/euro-truck-simulator-2/images/d/de/Auto_di_Alonso_logo.png/revision/latest?cb=20181111064431
bcp.png	BCP	https://static.wikia.nocookie.net/euro-truck-simulator-2/images/0/0f/BCP_logo.png/revision/latest?cb=20151213162814
bhb-raffinerie.png	BHB Raffinerie	https://static.wikia.nocookie.net/euro-truck-simulator-2/images/0/0e/BHB_Raffinerie_Logo.png/revision/latest?cb=20181111072001
bhv.png	BHV	https://static.wikia.nocookie.net/euro-truck-simulator-2/images/8/8c/BHV_logo.png/revision/latest?cb=20151213162902
blt.png	BLT	https://static.wikia.nocookie.net/euro-truck-simulator-2/images/f/f8/BLT_logo.png/revision/latest?cb=20181201152237
blt-ru.png	BLT ru	https://static.wikia.nocookie.net/euro-truck-simulator-2/images/9/9d/BLT_ru_logo.png/revision/latest?cb=20181201152258
balteus.png	Balteus	https://static.wikia.nocookie.net/euro-truck-simulator-2/images/d/d9/Balteus_logo.png/revision/latest?cb=20181201152033
balteus-ru.png	Balteus ru	https://static.wikia.nocookie.net/euro-truck-simulator-2/images/3/3c/Balteus_ru_logo.png/revision/latest?cb=20181201152053
baltic-metallurgy.png	Baltic Metallurgy	https://static.wikia.nocookie.net/euro-truck-simulator-2/images/0/07/Baltic_Metallurgy_logo.png/revision/latest?cb=20181201152420
baltomorsk.png	Baltomorsk	https://static.wikia.nocookie.net/euro-truck-simulator-2/images/b/ba/Baltomorsk_logo.png/revision/latest?cb=20181201152805
baltomorsk-ru.png	Baltomorsk ru	https://static.wikia.nocookie.net/euro-truck-simulator-2/images/0/01/Baltomorsk_ru_logo.png/revision/latest?cb=20181201152824
baltrak-lojistik.png	Baltrak Lojistik	https://static.wikia.nocookie.net/euro-truck-simulator-2/images/b/ba/Baltrak_Lojistik_logo.png/revision/latest?cb=20191216145510
batissie.png	Batissie	https://static.wikia.nocookie.net/euro-truck-simulator-2/images/3/3a/Batissie_Logo.png/revision/latest?cb=20181111071854
beaver-doses.png	Beaver Doses	https://static.wikia.nocookie.net/euro-truck-simulator-2/images/3/3a/Beaver_Doses_logo.png/revision/latest?cb=20220828063555
bjork.png	Bjork	https://static.wikia.nocookie.net/euro-truck-simulator-2/images/4/4b/Bjork_logo.png/revision/latest?cb=20151213163001
boisserie-j-p.png	Boisserie J-P	https://static.wikia.nocookie.net/euro-truck-simulator-2/images/5/5a/Boisserie_J-P_Logo.png/revision/latest?cb=20181111072136
brawen-transport.png	Brawen Transport	https://static.wikia.nocookie.net/euro-truck-simulator-2/images/2/29/Brawen_Transport_logo.png/revision/latest?cb=20191216145650
cde-srl.png	CDE SRL	https://static.wikia.nocookie.net/euro-truck-simulator-2/images/2/29/CDE_SRL_logo.png/revision/latest?cb=20181111070141
cds-canteras-del-sur.png	CDS Canteras del Sur	https://static.wikia.nocookie.net/euro-truck-simulator-2/images/c/cf/CDS_Canteras_del_Sur_logo.png/revision/latest?cb=20210404193852
cgla.png	CGLA	https://static.wikia.nocookie.net/euro-truck-simulator-2/images/9/9e/CGLA_logo.png/revision/latest?cb=20191216145807
cantera-iberica.png	Cantera Iberica	https://static.wikia.nocookie.net/euro-truck-simulator-2/images/0/07/Cantera_Iberica_logo.png/revision/latest?cb=20210404193520
cantiere-navale.png	Cantiere Navale	https://static.wikia.nocookie.net/euro-truck-simulator-2/images/b/b9/Cantiere_Navale_logo.png/revision/latest?cb=20181111064828
cargotras.png	Cargotras	https://static.wikia.nocookie.net/euro-truck-simulator-2/images/1/18/Cargotras_logo.png/revision/latest?cb=20181111065038
casa-olivera.png	Casa Olivera	https://static.wikia.nocookie.net/euro-truck-simulator-2/images/3/39/Casa_Olivera_logo.png/revision/latest?cb=20210405052924
cemeltex.png	Cemeltex	https://static.wikia.nocookie.net/euro-truck-simulator-2/images/d/d2/Cemeltex_logo.png/revision/latest?cb=20181201153054
cemeltex-ru.png	Cemeltex ru	https://static.wikia.nocookie.net/euro-truck-simulator-2/images/6/6f/Cemeltex_ru_logo.png/revision/latest?cb=20181201153111
cesare-supermercato.png	Cesare Supermercato	https://static.wikia.nocookie.net/euro-truck-simulator-2/images/a/aa/Cesare_Supermercato_logo.png/revision/latest?cb=20181207230659
cesta.png	Cesta	https://static.wikia.nocookie.net/euro-truck-simulator-2/images/6/64/Cesta_logo.png/revision/latest?cb=20210405045024
chimi.png	Chimi	https://static.wikia.nocookie.net/euro-truck-simulator-2/images/9/97/Chimi_Logo.png/revision/latest?cb=20181111072237
cnp.png	Cnp	https://static.wikia.nocookie.net/euro-truck-simulator-2/images/f/fd/Cnp_logo.png/revision/latest?cb=20181111065743
comoto.png	Comoto	https://static.wikia.nocookie.net/euro-truck-simulator-2/images/5/58/Comoto_logo.png/revision/latest?cb=20181111065805
construcciones-elcano.png	Construcciones Elcano	https://static.wikia.nocookie.net/euro-truck-simulator-2/images/6/6a/Construcciones_Elcano_logo.png/revision/latest?cb=20210405052707
containerport-ru.png	Containerport ru	https://static.wikia.nocookie.net/euro-truck-simulator-2/images/7/76/Containerport_ru_logo.png/revision/latest?cb=20181201162242
cortica-prima.png	Cortica Prima	https://static.wikia.nocookie.net/euro-truck-simulator-2/images/b/ba/Cortica_Prima_logo.png/revision/latest?cb=20210405052457
daf.png	DAF	https://static.wikia.nocookie.net/euro-truck-simulator-2/images/3/34/DAF_logo.png/revision/latest?cb=20160128135952
dacha.png	Dacha	https://static.wikia.nocookie.net/euro-truck-simulator-2/images/2/23/Dacha_logo.png/revision/latest?cb=20220828064303
dans-le-jardin.png	Dans le Jardin	https://static.wikia.nocookie.net/euro-truck-simulator-2/images/5/50/Dans_le_Jardin_Logo.png/revision/latest?cb=20181111072331
dobra-ferma.png	Dobra Ferma	https://static.wikia.nocookie.net/euro-truck-simulator-2/images/5/51/Dobra_Ferma_logo.png/revision/latest?cb=20191216145946
domdepo.png	Domdepo	https://static.wikia.nocookie.net/euro-truck-simulator-2/images/b/b9/Domdepo_logo.png/revision/latest?cb=20181201153208
domdepo-ru.png	Domdepo ru	https://static.wikia.nocookie.net/euro-truck-simulator-2/images/1/1a/Domdepo_ru_logo.png/revision/latest?cb=20181201153243
artemia.png	Artemia	https://static.wikia.nocookie.net/euro-truck-simulator-2/images/1/19/Artemia_logo.png/revision/latest?cb=20241206181412
drekkartrans.png	Drekkartrans	https://static.wikia.nocookie.net/euro-truck-simulator-2/images/5/58/Drekkartrans_logo.png/revision/latest?cb=20151213163158
dulcis.png	Dulcis	https://static.wikia.nocookie.net/euro-truck-simulator-2/images/d/d6/Dulcis_logo.png/revision/latest?cb=20191216150047
eppa.png	EPPA	https://static.wikia.nocookie.net/euro-truck-simulator-2/images/7/74/EPPA_logo.png/revision/latest?cb=20210405050426
eco.png	Eco	https://static.wikia.nocookie.net/euro-truck-simulator-2/images/b/be/Eco_logo.png/revision/latest?cb=20260610110041
eliarchos.png	Eliarchos	https://static.wikia.nocookie.net/euro-truck-simulator-2/images/f/f9/Eliarchos_logo.png/revision/latest?cb=20241206164724
engeron.png	Engeron	https://static.wikia.nocookie.net/euro-truck-simulator-2/images/3/38/Engeron_logo.png/revision/latest?cb=20210404194337
eolo-lines.png	Eolo Lines	https://static.wikia.nocookie.net/euro-truck-simulator-2/images/9/97/Eolo_Lines_logo.png/revision/latest?cb=20181111070200
eskadra.png	Eskadra	https://static.wikia.nocookie.net/euro-truck-simulator-2/images/9/96/Eskadra_logo.png/revision/latest?cb=20220819133542
estonian-paper-as.png	Estonian Paper AS	https://static.wikia.nocookie.net/euro-truck-simulator-2/images/9/95/Estonian_Paper_AS_logo.png/revision/latest?cb=20181201153407
euroacres.png	EuroAcres	https://static.wikia.nocookie.net/euro-truck-simulator-2/images/d/da/EuroAcres_logo_1.44.png/revision/latest?cb=20220604224908
eurogoodies.png	EuroGoodies	https://static.wikia.nocookie.net/euro-truck-simulator-2/images/5/54/EuroGoodies_logo_1.44.png/revision/latest?cb=20220604225056
eviksi-zs.png	Eviksi ZS	https://static.wikia.nocookie.net/euro-truck-simulator-2/images/d/d9/Eviksi_ZS_logo.png/revision/latest?cb=20181201153519
exomar.png	Exomar	https://static.wikia.nocookie.net/euro-truck-simulator-2/images/3/36/Exomar_logo.png/revision/latest?cb=20181111070317
fcp.png	FCP	https://static.wikia.nocookie.net/euro-truck-simulator-2/images/d/de/FCP_logo_1.44.png/revision/latest?cb=20220814102006
fle.png	FLE	https://static.wikia.nocookie.net/euro-truck-simulator-2/images/3/3e/FLE_Logo.png/revision/latest?cb=20181111072456
fuispa.png	FUISpA	https://static.wikia.nocookie.net/euro-truck-simulator-2/images/f/fd/FUISpA_logo.png/revision/latest?cb=20181111070434
fallow-cargo.png	Fallow Cargo	https://static.wikia.nocookie.net/euro-truck-simulator-2/images/e/e8/Fallow_Cargo_logo.png/revision/latest?cb=20191216150224
fattoria-felice.png	Fattoria Felice	https://static.wikia.nocookie.net/euro-truck-simulator-2/images/c/c2/Fattoria_Felice_logo.png/revision/latest?cb=20181111070337
feldbinder.png	Feldbinder	https://static.wikia.nocookie.net/euro-truck-simulator-2/images/0/02/Feldbinder_logo.png/revision/latest?cb=20230714054911
finist-logistics.png	Finist Logistics	https://static.wikia.nocookie.net/euro-truck-simulator-2/images/6/61/Finist_Logistics_logo.png/revision/latest?cb=20220819133830
finnish-tyres.png	Finnish Tyres	https://static.wikia.nocookie.net/euro-truck-simulator-2/images/0/09/Finnish_Tyres_logo.png/revision/latest?cb=20181201153712
gnt.png	GNT	https://static.wikia.nocookie.net/euro-truck-simulator-2/images/1/19/GNT_logo.png/revision/latest?cb=20151213163459
gallia-ferries.png	Gallia Ferries	https://static.wikia.nocookie.net/euro-truck-simulator-2/images/7/7b/Gallia_Ferries_Logo.png/revision/latest?cb=20181111072854
globeur.png	Globeur	https://static.wikia.nocookie.net/euro-truck-simulator-2/images/c/ca/Globeur_Logo.png/revision/latest?cb=20181111073003
gomme-du-monde.png	Gomme du Monde	https://static.wikia.nocookie.net/euro-truck-simulator-2/images/d/df/Gomme_du_Monde_Logo.png/revision/latest?cb=20181111072945
granoro.png	Granoro	https://static.wikia.nocookie.net/euro-truck-simulator-2/images/0/03/Granoro_logo.png/revision/latest?cb=20250112141609
huerta-del-mar-menor.png	Huerta del Mar Menor	https://static.wikia.nocookie.net/euro-truck-simulator-2/images/7/7d/Huerta_del_Mar_Menor_logo.png/revision/latest?cb=20210404194654
huilant.png	Huilant	https://static.wikia.nocookie.net/euro-truck-simulator-2/images/0/0d/Huilant_Logo.png/revision/latest?cb=20181111073058
ika-bohag-ru.png	IKA Bohag ru	https://static.wikia.nocookie.net/euro-truck-simulator-2/images/b/b8/IKA_Bohag_ru_logo.png/revision/latest?cb=20181201154432
ini.png	INI	https://static.wikia.nocookie.net/euro-truck-simulator-2/images/d/db/INI_logo.png/revision/latest?cb=20260610112205
itcc.png	ITCC	https://static.wikia.nocookie.net/euro-truck-simulator-2/images/4/41/ITCC_logo.png/revision/latest?cb=20151214154802
its.png	ITS	https://static.wikia.nocookie.net/euro-truck-simulator-2/images/f/ff/ITS_logo.png/revision/latest?cb=20220826184400
iberatomica.png	Iberatomica	https://static.wikia.nocookie.net/euro-truck-simulator-2/images/c/c7/Iberatomica_logo.png/revision/latest?cb=20210404194746
ibp.png	Ibp	https://static.wikia.nocookie.net/euro-truck-simulator-2/images/d/de/Ibp_logo.png/revision/latest?cb=20181211225047
icaria.png	Icaria	https://static.wikia.nocookie.net/euro-truck-simulator-2/images/0/02/Icaria_logo.png/revision/latest?cb=20241206173735
ika.png	Ika	https://static.wikia.nocookie.net/euro-truck-simulator-2/images/1/14/Ika_logo.png/revision/latest?cb=20151214154714
jastuk.png	Jastuk	https://static.wikia.nocookie.net/euro-truck-simulator-2/images/6/69/Jastuk_logo.png/revision/latest?cb=20260709161110
kaarfor-logo-rip-png.png	Kaarfor Logo rip.png	https://static.wikia.nocookie.net/euro-truck-simulator-2/images/f/f8/Kaarfor_Logo_rip.png/revision/latest?cb=20150706180433
karkot.png	Karkot	https://static.wikia.nocookie.net/euro-truck-simulator-2/images/f/f3/Karkot_logo.png/revision/latest?cb=20220828064457
kathode.png	Kathode	https://static.wikia.nocookie.net/euro-truck-simulator-2/images/2/26/Kathode_logo.png/revision/latest?cb=20220607234913
konstnorr.png	Konstnorr	https://static.wikia.nocookie.net/euro-truck-simulator-2/images/4/4d/Konstnorr_logo.png/revision/latest?cb=20151214154906
krone.png	Krone	https://static.wikia.nocookie.net/euro-truck-simulator-2/images/9/9e/Krone_logo.png/revision/latest?cb=20220629204931
lvr.png	LVR	https://static.wikia.nocookie.net/euro-truck-simulator-2/images/a/a2/LVR_logo.png/revision/latest?cb=20181201154648
ladoga-auto.png	Ladoga Auto	https://static.wikia.nocookie.net/euro-truck-simulator-2/images/8/81/Ladoga_Auto_logo.png/revision/latest?cb=20181201154322
ladoga-auto-ru.png	Ladoga Auto ru	https://static.wikia.nocookie.net/euro-truck-simulator-2/images/a/a4/Ladoga_Auto_ru_logo.png/revision/latest?cb=20181201154338
lateds-as.png	Lateds AS	https://static.wikia.nocookie.net/euro-truck-simulator-2/images/a/ae/Lateds_AS_logo.png/revision/latest?cb=20181201154555
lavish-foods.png	Lavish Foods	https://static.wikia.nocookie.net/euro-truck-simulator-2/images/6/64/Lavish_Foods_logo.png/revision/latest?cb=20210404194913
lefko.png	Lefko	https://static.wikia.nocookie.net/euro-truck-simulator-2/images/4/43/Lefko_logo.png/revision/latest?cb=20241206183328
libellula.png	Libellula	https://static.wikia.nocookie.net/euro-truck-simulator-2/images/c/c8/Libellula_Logo.png/revision/latest?cb=20181111070653
lkw.png	LKW	https://static.wikia.nocookie.net/euro-truck-simulator-2/images/2/24/LKW_logo_1.44.png/revision/latest?cb=20220604225519
lintukainen.png	Lintukainen	https://static.wikia.nocookie.net/euro-truck-simulator-2/images/5/52/Lintukainen_logo.png/revision/latest?cb=20181201154727
lisette-logistics.png	Lisette Logistics	https://static.wikia.nocookie.net/euro-truck-simulator-2/images/8/81/Lisette_Logistics_Logo.png/revision/latest?cb=20181111074418
log-n-stick.png	Log n Stick	https://static.wikia.nocookie.net/euro-truck-simulator-2/images/d/db/Log_n_Stick_logo.png/revision/latest?cb=20191216150448
logistica-atlantica.png	Logistica Atlantica	https://static.wikia.nocookie.net/euro-truck-simulator-2/images/f/fd/Logistica_Atlantica_logo.png/revision/latest?cb=20210404195106
low-field.png	Low Field	https://static.wikia.nocookie.net/euro-truck-simulator-2/images/9/9b/Low_Field_logo.png/revision/latest?cb=20191216150557
ms-stein.png	MS Stein	https://static.wikia.nocookie.net/euro-truck-simulator-2/images/1/11/MS_Stein_logo.png/revision/latest?cb=20151214220320
maatila-egres.png	Maatila Egres	https://static.wikia.nocookie.net/euro-truck-simulator-2/images/7/71/Maatila_Egres_logo.png/revision/latest?cb=20181201155048
mammoth-meat-processing-plant.png	Mammoth Meat Processing Plant	https://static.wikia.nocookie.net/euro-truck-simulator-2/images/c/ce/Mammoth_Meat_Processing_Plant_logo.png/revision/latest?cb=20220828065057
marina-france.png	Marina France	https://static.wikia.nocookie.net/euro-truck-simulator-2/images/b/b1/Marina_France_Logo.png/revision/latest?cb=20181111074524
marina.png	Marina	https://static.wikia.nocookie.net/euro-truck-simulator-2/images/2/20/Marina_logo.png/revision/latest?cb=20181111070743
metallurgy-muromets.png	Metallurgy Muromets	https://static.wikia.nocookie.net/euro-truck-simulator-2/images/4/44/Metallurgy_Muromets_logo.png/revision/latest?cb=20220605065337
nbfc.png	NBFC	https://static.wikia.nocookie.net/euro-truck-simulator-2/images/9/9c/NBFC_logo.png/revision/latest?cb=20151214220418
ns-chemicals.png	NS Chemicals	https://static.wikia.nocookie.net/euro-truck-simulator-2/images/d/d1/NS_Chemicals_logo.png/revision/latest?cb=20151214220904
ns-chemicals-ru.png	NS Chemicals ru	https://static.wikia.nocookie.net/euro-truck-simulator-2/images/f/fa/NS_Chemicals_ru_logo.png/revision/latest?cb=20181201161758
ns-oil.png	NS Oil	https://static.wikia.nocookie.net/euro-truck-simulator-2/images/1/12/NS_Oil_logo.png/revision/latest?cb=20151214221002
ns-oil-ru.png	NS Oil ru	https://static.wikia.nocookie.net/euro-truck-simulator-2/images/3/39/NS_Oil_ru_logo.png/revision/latest?cb=20181201161841
nectarine.png	Nectarine	https://static.wikia.nocookie.net/euro-truck-simulator-2/images/f/fb/Nectarine_logo.png/revision/latest?cb=20220828065341
nordic-cargo-handling.png	Nordic Cargo Handling	https://static.wikia.nocookie.net/euro-truck-simulator-2/images/b/ba/Nordic_Cargo_Handling_logo.png/revision/latest?cb=20181201155232
nordic-cargo-handling-ru.png	Nordic Cargo Handling ru	https://static.wikia.nocookie.net/euro-truck-simulator-2/images/0/09/Nordic_Cargo_Handling_ru_logo.png/revision/latest?cb=20181201155247
nordic-crown.png	Nordic Crown	https://static.wikia.nocookie.net/euro-truck-simulator-2/images/5/51/Nordic_Crown_logo.png/revision/latest?cb=20151214220508
nordic-stenbrott.png	Nordic Stenbrott	https://static.wikia.nocookie.net/euro-truck-simulator-2/images/9/94/Nordic_Stenbrott_logo.png/revision/latest?cb=20151214220600
norrfood.png	Norrfood	https://static.wikia.nocookie.net/euro-truck-simulator-2/images/c/c5/Norrfood_logo.png/revision/latest?cb=20151214220659
norrsken.png	Norrsken	https://static.wikia.nocookie.net/euro-truck-simulator-2/images/6/66/Norrsken_logo.png/revision/latest?cb=20151214220757
noskonitta.png	Noskonitta	https://static.wikia.nocookie.net/euro-truck-simulator-2/images/7/70/Noskonitta_logo.png/revision/latest?cb=20181201155547
novoneft.png	Novoneft	https://static.wikia.nocookie.net/euro-truck-simulator-2/images/7/74/Novoneft_logo.png/revision/latest?cb=20220819134116
ocean-solution-group.png	Ocean Solution Group	https://static.wikia.nocookie.net/euro-truck-simulator-2/images/5/5e/Ocean_Solution_Group_logo.png/revision/latest?cb=20191216150708
onnelik-talu.png	Onnelik Talu	https://static.wikia.nocookie.net/euro-truck-simulator-2/images/1/1e/Onnelik_Talu_logo.png/revision/latest?cb=20181201155803
ortiz.png	Ortiz	https://static.wikia.nocookie.net/euro-truck-simulator-2/images/d/d9/Ortiz_logo.png/revision/latest?cb=20210404195230
otel-impecabil.png	Otel Impecabil	https://static.wikia.nocookie.net/euro-truck-simulator-2/images/1/1a/Otel_Impecabil_logo.png/revision/latest?cb=20191214152640
pk-medved.png	PK Medved	https://static.wikia.nocookie.net/euro-truck-simulator-2/images/a/ae/PK_Medved_logo.png/revision/latest?cb=20181201155919
pp-chimica-italia.png	PP Chimica Italia	https://static.wikia.nocookie.net/euro-truck-simulator-2/images/4/4d/PP_Chimica_Italia_logo.png/revision/latest?cb=20181111071022
piac.png	Piac	https://static.wikia.nocookie.net/euro-truck-simulator-2/images/9/94/Piac_logo.png/revision/latest?cb=20181111070935
polar-fish.png	Polar Fish	https://static.wikia.nocookie.net/euro-truck-simulator-2/images/6/65/Polar_Fish_logo.png/revision/latest?cb=20151215144000
polaris-lines.png	Polaris Lines	https://static.wikia.nocookie.net/euro-truck-simulator-2/images/4/44/Polaris_Lines_logo.png/revision/latest?cb=20151215144103
pomeranian.png	Pomeranian	https://static.wikia.nocookie.net/euro-truck-simulator-2/images/e/e6/Pomeranian_logo.png/revision/latest?cb=20220828065550
port-de-conteneur.png	Port de Conteneur	https://static.wikia.nocookie.net/euro-truck-simulator-2/images/4/4d/Port_de_Conteneur_Logo.png/revision/latest?cb=20181111074830
posped.png	Posped	https://static.wikia.nocookie.net/euro-truck-simulator-2/images/b/bf/Posped_logo_1.44.png/revision/latest?cb=20221014125005
propos.png	Propos	https://static.wikia.nocookie.net/euro-truck-simulator-2/images/c/c0/Propos_logo.png/revision/latest?cb=20220828065700
quadrelli-spa.png	Quadrelli SpA	https://static.wikia.nocookie.net/euro-truck-simulator-2/images/2/2a/Quadrelli_SpA_logo.png/revision/latest?cb=20181111071109
radus.png	Radus	https://static.wikia.nocookie.net/euro-truck-simulator-2/images/9/98/Radus_logo.png/revision/latest?cb=20181201160008
radus-ru.png	Radus ru	https://static.wikia.nocookie.net/euro-truck-simulator-2/images/5/59/Radus_ru_logo.png/revision/latest?cb=20181201160025
renar-logistik.png	Renar Logistik	https://static.wikia.nocookie.net/euro-truck-simulator-2/images/1/12/Renar_Logistik_logo.png/revision/latest?cb=20151215144310
renat.png	Renat	https://static.wikia.nocookie.net/euro-truck-simulator-2/images/2/27/Renat_logo.png/revision/latest?cb=20181201160112
rimaf.png	Rimaf	https://static.wikia.nocookie.net/euro-truck-simulator-2/images/3/31/Rimaf_logo.png/revision/latest?cb=20191216150815
rock-eater-quarry.png	Rock Eater Quarry	https://static.wikia.nocookie.net/euro-truck-simulator-2/images/b/ba/Rock_Eater_Quarry_logo.png/revision/latest?cb=20191216150858
rosmark.png	Rosmark	https://static.wikia.nocookie.net/euro-truck-simulator-2/images/5/5e/Rosmark_logo.png/revision/latest?cb=20181201160253
air-irin.png	Air Irin	https://static.wikia.nocookie.net/euro-truck-simulator-2/images/6/63/Sirin_Air_logo.png/revision/latest?cb=20220605065709
rtlog.png	RTLOG	https://static.wikia.nocookie.net/euro-truck-simulator-2/images/5/55/RTLOG_logo.png/revision/latest?cb=20210405044228
rosmark-ru.png	Rosmark ru	https://static.wikia.nocookie.net/euro-truck-simulator-2/images/a/a3/Rosmark_ru_logo.png/revision/latest?cb=20181201160309
rosselkhoz-baton.png	Rosselkhoz Baton	https://static.wikia.nocookie.net/euro-truck-simulator-2/images/6/61/Rosselkhoz_Baton_logo.png/revision/latest?cb=20220828065930
rump.png	Rump	https://static.wikia.nocookie.net/euro-truck-simulator-2/images/6/61/Rump_logo.png/revision/latest?cb=20191216150955
s-a-l.png	S.A.L.	https://static.wikia.nocookie.net/euro-truck-simulator-2/images/3/3d/S.A.L._logo.png/revision/latest?cb=20181201160428
sal-srl.png	SAL SRL	https://static.wikia.nocookie.net/euro-truck-simulator-2/images/0/05/SAL_SRL_logo.png/revision/latest?cb=20181111071155
scs-paper.png	SCS Paper	https://static.wikia.nocookie.net/euro-truck-simulator-2/images/4/4f/SCS_Paper_logo.png/revision/latest?cb=20191216151052
snl.png	SNL	https://static.wikia.nocookie.net/euro-truck-simulator-2/images/0/05/SNL_logo.png/revision/latest?cb=20220819134340
sagtre.png	SagTre	https://static.wikia.nocookie.net/euro-truck-simulator-2/images/2/21/SagTre_1.57_logo.png/revision/latest?cb=20260709224852
sanbuilders.png	Sanbuilders	https://static.wikia.nocookie.net/euro-truck-simulator-2/images/2/24/Sanbuilders_logo_1.44.png/revision/latest?cb=20220604225735
scania.png	Scania	https://static.wikia.nocookie.net/euro-truck-simulator-2/images/b/b8/Scania_logo.png/revision/latest?cb=20160128140405
scout.png	Scout	https://static.wikia.nocookie.net/euro-truck-simulator-2/images/6/62/Scout_logo.png/revision/latest?cb=20151215144559
sellplan.png	Sellplan	https://static.wikia.nocookie.net/euro-truck-simulator-2/images/1/15/Sellplan_logo.png/revision/latest?cb=20151215144658
severoatom.png	Severoatom	https://static.wikia.nocookie.net/euro-truck-simulator-2/images/3/34/Severoatom_logo.png/revision/latest?cb=20181201160408
shipyard-livadiya.png	Shipyard Livadiya	https://static.wikia.nocookie.net/euro-truck-simulator-2/images/5/57/Shipyard_Livadiya_logo.png/revision/latest?cb=20220828070121
sirin-air.png	Sirin Air	https://static.wikia.nocookie.net/euro-truck-simulator-2/images/6/63/Sirin_Air_logo.png/revision/latest?cb=20220605065709
sporklift.png	Sporklift	https://static.wikia.nocookie.net/euro-truck-simulator-2/images/9/90/Sporklift_logo.png/revision/latest?cb=20191216151146
steinbruch.png	Steinbruch	https://static.wikia.nocookie.net/euro-truck-simulator-2/images/7/71/Steinbruch_logo.png/revision/latest?cb=20180716140852
stokes.png	Stokes	https://static.wikia.nocookie.net/euro-truck-simulator-2/images/7/70/Stokes_logo_1.44.png/revision/latest?cb=20220901051721
stomaena-roza.png	Stomaena Roza	https://static.wikia.nocookie.net/euro-truck-simulator-2/images/0/09/Stomaena_Roza_logo.png/revision/latest?cb=20191216151245
subse.png	Subse	https://static.wikia.nocookie.net/euro-truck-simulator-2/images/d/df/Subse_Logo.png/revision/latest?cb=20181111074915
supercesta.png	SuperCesta	https://static.wikia.nocookie.net/euro-truck-simulator-2/images/f/fe/SuperCesta_logo.png/revision/latest?cb=20210404195621
suprema.png	Suprema	https://static.wikia.nocookie.net/euro-truck-simulator-2/images/6/67/Suprema_logo.png/revision/latest?cb=20181201160535
tdc-auto-terminal.png	TDC Auto Terminal	https://static.wikia.nocookie.net/euro-truck-simulator-2/images/3/3f/TDC_Auto_Terminal_logo.png/revision/latest?cb=20210404195701
te-logistica.png	TE Logistica	https://static.wikia.nocookie.net/euro-truck-simulator-2/images/b/bb/TE_Logistica_logo.png/revision/latest?cb=20181111071357
tm-istanbul.png	TM Istanbul	https://static.wikia.nocookie.net/euro-truck-simulator-2/images/2/2a/TM_Istanbul_logo.png/revision/latest?cb=20191216151502
ts-atlas.png	TS Atlas	https://static.wikia.nocookie.net/euro-truck-simulator-2/images/3/37/TS_Atlas_logo.png/revision/latest?cb=20210405050850
ttk.png	TTK	https://static.wikia.nocookie.net/euro-truck-simulator-2/images/b/b3/TTK_logo.png/revision/latest?cb=20191216151544
taiga.png	Taiga	https://static.wikia.nocookie.net/euro-truck-simulator-2/images/e/ed/Taiga_logo.png/revision/latest?cb=20220828070406
terminal-container.png	Terminal container	https://static.wikia.nocookie.net/euro-truck-simulator-2/images/a/a6/Terminal_container_logo.png/revision/latest?cb=20181111071421
tesore-gusto.png	Tesore Gusto	https://static.wikia.nocookie.net/euro-truck-simulator-2/images/d/d2/Tesore_Gusto_logo.png/revision/latest?cb=20181111071515
the-train-foundry.png	The Train Foundry	https://static.wikia.nocookie.net/euro-truck-simulator-2/images/3/3d/The_Train_Foundry_logo.png/revision/latest?cb=20191216151328
timber-turtle.png	Timber Turtle	https://static.wikia.nocookie.net/euro-truck-simulator-2/images/5/57/Timber_Turtle_logo.png/revision/latest?cb=20191214151820
tradeaux.png	Tradeaux	https://static.wikia.nocookie.net/euro-truck-simulator-2/images/6/69/Tradeaux_logo.png/revision/latest?cb=20151215145002
trameri-1-44.png	Trameri 1.44	https://static.wikia.nocookie.net/euro-truck-simulator-2/images/f/f8/Trameri_1.44_logo.png/revision/latest?cb=20220816073103
transinet.png	Transinet	https://static.wikia.nocookie.net/euro-truck-simulator-2/images/a/aa/Transinet_logo.png/revision/latest?cb=20151216221223
transportes-caballeria.png	Transportes Caballeria	https://static.wikia.nocookie.net/euro-truck-simulator-2/images/a/a4/Transportes_Caballeria_logo.png/revision/latest?cb=20210404195826
tree-et.png	Tree-ET	https://static.wikia.nocookie.net/euro-truck-simulator-2/images/2/2a/Tree-ET_logo.png/revision/latest?cb=20151216221321
ukko-voima.png	Ukko Voima	https://static.wikia.nocookie.net/euro-truck-simulator-2/images/3/30/Ukko_Voima_logo.png/revision/latest?cb=20181201160634
vpf.png	VPF	https://static.wikia.nocookie.net/euro-truck-simulator-2/images/8/85/VPF_logo.png/revision/latest?cb=20181201161051
vagonstroy-tikhvin.png	Vagonstroy Tikhvin	https://static.wikia.nocookie.net/euro-truck-simulator-2/images/2/24/Vagonstroy_Tikhvin_logo.png/revision/latest?cb=20220828070601
vanha-kivi.png	Vanha Kivi	https://static.wikia.nocookie.net/euro-truck-simulator-2/images/9/96/Vanha_Kivi_logo.png/revision/latest?cb=20181201160718
vanha-kivi-ru.png	Vanha Kivi ru	https://static.wikia.nocookie.net/euro-truck-simulator-2/images/7/77/Vanha_Kivi_ru_logo.png/revision/latest?cb=20181201160740
varangian.png	Varangian	https://static.wikia.nocookie.net/euro-truck-simulator-2/images/e/e5/Varangian_logo.png/revision/latest?cb=20220828070749
viljo-paperitehdas-oy.png	Viljo Paperitehdas Oy	https://static.wikia.nocookie.net/euro-truck-simulator-2/images/a/af/Viljo_Paperitehdas_Oy_logo.png/revision/latest?cb=20181201160900
villco.png	Villco	https://static.wikia.nocookie.net/euro-truck-simulator-2/images/0/0a/Villco_Logo.png/revision/latest?cb=20241212154405
vitas-power.png	Vitas Power	https://static.wikia.nocookie.net/euro-truck-simulator-2/images/7/7d/Vitas_Power_logo.png/revision/latest?cb=20151216221420
voitureux.png	Voitureux	https://static.wikia.nocookie.net/euro-truck-simulator-2/images/4/46/Voitureux_Logo.png/revision/latest?cb=20181111074931
vpc.png	VPC	https://static.wikia.nocookie.net/euro-truck-simulator-2/images/b/b5/VPC_logo.png/revision/latest?cb=20151216221516
volvo.png	Volvo	https://static.wikia.nocookie.net/euro-truck-simulator-2/images/0/0f/Volvo_logo.png/revision/latest?cb=20160128140501
wgcc.png	WGCC	https://static.wikia.nocookie.net/euro-truck-simulator-2/images/1/1d/WGCC_logo.png/revision/latest?cb=20151216221613
wilnet-transport.png	Wilnet Transport	https://static.wikia.nocookie.net/euro-truck-simulator-2/images/4/41/Wilnet_Transport_Logo.png/revision/latest?cb=20181111074948
zelenye-polja.png	Zelenye Polja	https://static.wikia.nocookie.net/euro-truck-simulator-2/images/a/a2/Zelenye_Polja_logo.png/revision/latest?cb=20181201161313
